;;;;;;;;;;;;;;;;;;;;;;;;;;;;;;;;;;;;;;;;;;;;;;;;;;;;;;;;;;;;;;;;;;;;
classificação;código;ORÇADO;Janeiro;Fevereiro;Março;Abril;Maio;Junho;Julho;Agosto;Setembro;Outubro;Novembro;Dezembro;Total;;;;;;;;;;;;;;;;;;;;;;;;;;;;;;;;;;;;;;;;;;;;;;;;;;;;;
3.2.1.01;103;Receita Bruta;593.650;643.002;733.964;746.122;803.669;828.975;886.467;947.359;1.084.156;1.119.268;1.215.214;1.230.546;10.832.393;;;;;;;;;;;;;;;;;;;;;;;;;;;;;;;;;;;;;;;;;;;;;;;;;;;;;
3.2.1.01.001;104;Receita de Produtos;184.300;204.300;206.100;231.560;217.500;223.800;234.900;234.900;284.600;253.500;288.200;262.100;2.825.760;;;;;;;;;;;;;;;;;;;;;;;;;;;;;;;;;;;;;;;;;;;;;;;;;;;;;
3.2.1.01.002;119;Receita de Servicos;409.350;438.702;527.864;514.562;586.169;605.175;651.567;712.459;799.556;865.768;927.014;968.446;8.006.633;;;;;;;;;;;;;;;;;;;;;;;;;;;;;;;;;;;;;;;;;;;;;;;;;;;;;
3.2.1.02;2396;( - ) Deduções;39.851;42.747;48.580;50.297;53.784;55.817;59.573;64.193;73.468;76.211;83.208;84.734;732.465;;;;;;;;;;;;;;;;;;;;;;;;;;;;;;;;;;;;;;;;;;;;;;;;;;;;;
3.2.1.02.001;105;Devoluções;9.375;9.883;10.612;12.074;12.105;12.835;13.565;14.744;17.174;17.421;19.582;19.829;169.199;;;;;;;;;;;;;;;;;;;;;;;;;;;;;;;;;;;;;;;;;;;;;;;;;;;;;
3.2.1.02.002;106;ICMS;621;621;621;698;621;621;621;621;731;621;731;621;7.751;;;;;;;;;;;;;;;;;;;;;;;;;;;;;;;;;;;;;;;;;;;;;;;;;;;;;
3.2.1.02.003;107;ISSQN s/ Servicos;8.187;8.774;10.557;10.291;11.723;12.104;13.031;14.249;15.991;17.315;18.540;19.369;160.133;;;;;;;;;;;;;;;;;;;;;;;;;;;;;;;;;;;;;;;;;;;;;;;;;;;;;
3.2.1.02.004;108;Pis s/ Faturamento;3.859;4.180;4.771;4.850;5.224;5.388;5.762;6.158;7.047;7.275;7.899;7.999;70.411;;;;;;;;;;;;;;;;;;;;;;;;;;;;;;;;;;;;;;;;;;;;;;;;;;;;;
3.2.1.02.005;109;Cofins;17.810;19.290;22.019;22.384;24.110;24.869;26.594;28.421;32.525;33.578;36.456;36.916;324.972;;;;;;;;;;;;;;;;;;;;;;;;;;;;;;;;;;;;;;;;;;;;;;;;;;;;;
3.2.1.02.006;936;Remessa de Mercadoria;0;0;0;0;0;0;0;0;0;0;0;0;0;;;;;;;;;;;;;;;;;;;;;;;;;;;;;;;;;;;;;;;;;;;;;;;;;;;;;
;;Receita Líquida de Vendas;553.799;600.255;685.384;695.825;749.885;773.158;826.894;883.166;1.010.688;1.043.057;1.132.006;1.145.813;10.099.929;;;;;;;;;;;;;;;;;;;;;;;;;;;;;;;;;;;;;;;;;;;;;;;;;;;;;
;110;( - ) Custo dos produtos/serviços vendidos;151.286;155.907;171.190;174.833;196.408;195.001;197.294;200.543;194.723;193.542;197.272;202.337;2.230.337;;;;;;;;;;;;;;;;;;;;;;;;;;;;;;;;;;;;;;;;;;;;;;;;;;;;;
3.2.1.03;;Custos operacionais;119.935;119.909;131.987;130.672;140.661;139.248;139.104;139.944;135.626;134.527;135.774;140.846;1.608.231;;;;;;;;;;;;;;;;;;;;;;;;;;;;;;;;;;;;;;;;;;;;;;;;;;;;;
3.2.1.03.001;111;Compra de Embalagens;0;0;2.000;0;0;2.000;0;0;2.000;0;0;2.000;8.000;;;;;;;;;;;;;;;;;;;;;;;;;;;;;;;;;;;;;;;;;;;;;;;;;;;;;
3.2.1.03.002;112;Compra de CD's;500;0;0;500;0;0;500;0;0;500;0;0;2.000;;;;;;;;;;;;;;;;;;;;;;;;;;;;;;;;;;;;;;;;;;;;;;;;;;;;;
3.2.1.03.003;113;Compra de Etiquetas;0;100;100;0;100;100;0;100;100;0;100;100;800;;;;;;;;;;;;;;;;;;;;;;;;;;;;;;;;;;;;;;;;;;;;;;;;;;;;;
3.2.1.03.004;114;Impressos;800;800;800;800;800;800;800;800;800;800;800;800;9.600;;;;;;;;;;;;;;;;;;;;;;;;;;;;;;;;;;;;;;;;;;;;;;;;;;;;;
;;(-) Cred Pis-Cofins - Insumos;0;0;0;0;0;0;0;0;0;0;0;0;0;;;;;;;;;;;;;;;;;;;;;;;;;;;;;;;;;;;;;;;;;;;;;;;;;;;;;
3.2.1.03.006;116;Serviços de Terceiros PJ;106.040;106.114;111.774;115.651;121.204;121.154;121.424;121.628;119.554;119.707;119.932;123.262;1.407.442;;;;;;;;;;;;;;;;;;;;;;;;;;;;;;;;;;;;;;;;;;;;;;;;;;;;;
3.2.1.03.007;117;Serviços de Terceiros PF;0;0;0;0;0;0;0;0;0;0;0;0;0;;;;;;;;;;;;;;;;;;;;;;;;;;;;;;;;;;;;;;;;;;;;;;;;;;;;;
;;(-) Cred Pis-Cofins - PJ custo;11.666;11.966;14.584;10.992;15.828;12.465;13.651;14.687;10.443;10.791;12.213;11.955;151.241;;;;;;;;;;;;;;;;;;;;;;;;;;;;;;;;;;;;;;;;;;;;;;;;;;;;;
3.2.1.03.008;2697;Custos de Viagens;0;0;0;0;0;0;0;0;0;0;0;0;0;;;;;;;;;;;;;;;;;;;;;;;;;;;;;;;;;;;;;;;;;;;;;;;;;;;;;
3.2.1.03.009;2698;Custos em Implementacao;0;0;0;0;0;0;0;0;0;0;0;0;0;;;;;;;;;;;;;;;;;;;;;;;;;;;;;;;;;;;;;;;;;;;;;;;;;;;;;
3.2.1.03.998;211;Outros Custos;929;929;2.729;2.729;2.729;2.729;2.729;2.729;2.729;2.729;2.729;2.729;29.148;;;;;;;;;;;;;;;;;;;;;;;;;;;;;;;;;;;;;;;;;;;;;;;;;;;;;
3.2.1.04;120;Custos com Pessoal;31.351;35.998;39.203;44.162;55.747;55.753;58.190;60.599;59.098;59.016;61.498;61.491;622.106;;;;;;;;;;;;;;;;;;;;;;;;;;;;;;;;;;;;;;;;;;;;;;;;;;;;;
3.2.1.04.001;121;Salários;7.249;8.260;10.229;13.275;14.249;14.252;15.749;17.229;20.299;20.249;21.774;21.769;184.583;;;;;;;;;;;;;;;;;;;;;;;;;;;;;;;;;;;;;;;;;;;;;;;;;;;;;
3.2.1.04.002;122;Comissões;0;0;0;0;0;0;0;0;0;0;0;0;0;;;;;;;;;;;;;;;;;;;;;;;;;;;;;;;;;;;;;;;;;;;;;;;;;;;;;
3.2.1.04.003;123;Férias;805;918;1.137;1.475;1.583;1.584;1.750;1.914;2.255;2.250;2.419;2.419;20.509;;;;;;;;;;;;;;;;;;;;;;;;;;;;;;;;;;;;;;;;;;;;;;;;;;;;;
3.2.1.04.004;124;13o Salário;604;688;852;1.106;1.187;1.188;1.312;1.436;1.692;1.687;1.814;1.814;15.382;;;;;;;;;;;;;;;;;;;;;;;;;;;;;;;;;;;;;;;;;;;;;;;;;;;;;
3.2.1.04.005;125;INSS;2.407;2.743;3.397;4.408;4.731;4.733;5.229;5.721;6.740;6.724;7.230;7.229;61.292;;;;;;;;;;;;;;;;;;;;;;;;;;;;;;;;;;;;;;;;;;;;;;;;;;;;;
3.2.1.04.006;126;FGTS;736;839;1.039;1.348;1.447;1.447;1.599;1.749;2.061;2.056;2.211;2.210;18.740;;;;;;;;;;;;;;;;;;;;;;;;;;;;;;;;;;;;;;;;;;;;;;;;;;;;;
3.2.1.04.007;127;Vale Transporte;2.600;2.600;2.600;2.600;2.600;2.600;2.600;2.600;2.600;2.600;2.600;2.600;31.200;;;;;;;;;;;;;;;;;;;;;;;;;;;;;;;;;;;;;;;;;;;;;;;;;;;;;
3.2.1.04.008;128;Vale Refeição;2.950;2.950;2.950;2.950;2.950;2.950;2.950;2.950;2.950;2.950;2.950;2.950;35.400;;;;;;;;;;;;;;;;;;;;;;;;;;;;;;;;;;;;;;;;;;;;;;;;;;;;;
3.2.1.04.009;129;Treinamento;0;0;0;0;10.000;10.000;10.000;10.000;6.500;6.500;6.500;6.500;66.000;;;;;;;;;;;;;;;;;;;;;;;;;;;;;;;;;;;;;;;;;;;;;;;;;;;;;
3.2.1.04.010;130;Estagiários;12.300;15.300;15.300;15.300;15.300;15.300;15.300;15.300;12.300;12.300;12.300;12.300;168.600;;;;;;;;;;;;;;;;;;;;;;;;;;;;;;;;;;;;;;;;;;;;;;;;;;;;;
3.2.1.04.011;131;Assistência Medica;1.700;1.700;1.700;1.700;1.700;1.700;1.700;1.700;1.700;1.700;1.700;1.700;20.400;;;;;;;;;;;;;;;;;;;;;;;;;;;;;;;;;;;;;;;;;;;;;;;;;;;;;
3.2.1.04.012;132;Benefícios;0;0;0;0;0;0;0;0;0;0;0;0;0;;;;;;;;;;;;;;;;;;;;;;;;;;;;;;;;;;;;;;;;;;;;;;;;;;;;;
;551;Indenizações Trabalhistas;0;0;0;0;0;0;0;0;0;0;0;0;0;;;;;;;;;;;;;;;;;;;;;;;;;;;;;;;;;;;;;;;;;;;;;;;;;;;;;
3.2.1.04.013;209;Pro-Labore;0;0;0;0;0;0;0;0;0;0;0;0;0;;;;;;;;;;;;;;;;;;;;;;;;;;;;;;;;;;;;;;;;;;;;;;;;;;;;;
;;Resultado Bruto;402.513;444.348;514.193;520.992;553.477;578.156;629.600;682.623;815.964;849.515;934.734;943.476;7.869.591;;;;;;;;;;;;;;;;;;;;;;;;;;;;;;;;;;;;;;;;;;;;;;;;;;;;;
3.2.2;2398;( - ) Despesas Operacionais;253.239;240.750;282.269;313.647;288.222;314.681;325.631;340.992;329.898;359.553;371.661;334.507;3.755.049;;;;;;;;;;;;;;;;;;;;;;;;;;;;;;;;;;;;;;;;;;;;;;;;;;;;;
3.2.2.01;133;Despesas Comerciais;168.184;155.694;188.462;220.439;196.283;222.741;233.640;255.000;243.635;273.289;285.134;248.629;2.691.129;;;;;;;;;;;;;;;;;;;;;;;;;;;;;;;;;;;;;;;;;;;;;;;;;;;;;
;;Despesas Gerais;147.371;134.757;167.860;199.338;175.462;201.881;212.815;234.391;222.263;252.076;263.450;226.998;2.438.663;;;;;;;;;;;;;;;;;;;;;;;;;;;;;;;;;;;;;;;;;;;;;;;;;;;;;
3.2.2.01.001;134;Comissões Revenda;37.816;18.411;19.694;19.025;23.448;23.055;25.213;26.843;8.820;8.820;8.820;8.820;228.785;;;;;;;;;;;;;;;;;;;;;;;;;;;;;;;;;;;;;;;;;;;;;;;;;;;;;
3.2.2.01.002;135;Eventos e Convencoes;0;500;500;31.500;500;15.500;15.500;30.500;20.500;40.500;46.500;10.500;212.500;;;;;;;;;;;;;;;;;;;;;;;;;;;;;;;;;;;;;;;;;;;;;;;;;;;;;
3.2.2.01.003;136;Viagens e Estadias;32.340;34.706;39.069;39.671;43.643;44.751;48.103;51.543;63.490;65.757;71.463;71.940;606.473;;;;;;;;;;;;;;;;;;;;;;;;;;;;;;;;;;;;;;;;;;;;;;;;;;;;;
3.2.2.01.004;137;Correios;9.590;9.590;9.590;10.730;9.590;9.590;9.590;9.590;11.210;9.590;11.210;9.590;119.460;;;;;;;;;;;;;;;;;;;;;;;;;;;;;;;;;;;;;;;;;;;;;;;;;;;;;
3.2.2.01.005;138;Publicidade;3.815;4.855;22.935;25.935;22.935;31.935;33.935;31.935;28.935;36.935;28.935;28.935;302.020;;;;;;;;;;;;;;;;;;;;;;;;;;;;;;;;;;;;;;;;;;;;;;;;;;;;;
3.2.2.01.006;139;Servicos de Apoio;0;0;0;0;0;0;0;0;0;0;0;0;0;;;;;;;;;;;;;;;;;;;;;;;;;;;;;;;;;;;;;;;;;;;;;;;;;;;;;
3.2.2.01.007;140;Locacao de Equipamentos;400;400;400;400;400;400;400;400;400;400;400;400;4.800;;;;;;;;;;;;;;;;;;;;;;;;;;;;;;;;;;;;;;;;;;;;;;;;;;;;;
3.2.2.01.008;1125;Prestação de Serviço Partner;0;0;0;0;0;0;0;0;0;0;0;0;0;;;;;;;;;;;;;;;;;;;;;;;;;;;;;;;;;;;;;;;;;;;;;;;;;;;;;
;355;Serv Terceiros PJ;41.622;43.178;50.390;44.604;46.298;46.703;48.189;49.113;49.501;49.793;51.415;51.626;572.433;;;;;;;;;;;;;;;;;;;;;;;;;;;;;;;;;;;;;;;;;;;;;;;;;;;;;
3.2.2.01.009;162;Telefones - Celulares;8.551;9.088;9.988;10.718;11.298;11.765;12.552;13.548;15.410;15.785;17.458;17.637;153.796;;;;;;;;;;;;;;;;;;;;;;;;;;;;;;;;;;;;;;;;;;;;;;;;;;;;;
;161;Telefones - Fixos;13.238;14.030;15.294;16.755;17.351;18.182;19.334;20.920;23.997;24.496;27.249;27.551;238.396;;;;;;;;;;;;;;;;;;;;;;;;;;;;;;;;;;;;;;;;;;;;;;;;;;;;;
3.2.2.01.010;356;Serv Terceiros PF;0;0;0;0;0;0;0;0;0;0;0;0;0;;;;;;;;;;;;;;;;;;;;;;;;;;;;;;;;;;;;;;;;;;;;;;;;;;;;;
3.2.2.01.011;2555;Alugueis;0;0;0;0;0;0;0;0;0;0;0;0;0;;;;;;;;;;;;;;;;;;;;;;;;;;;;;;;;;;;;;;;;;;;;;;;;;;;;;
3.2.2.01.012;2718;Brindes;0;0;0;0;0;0;0;0;0;0;0;0;0;;;;;;;;;;;;;;;;;;;;;;;;;;;;;;;;;;;;;;;;;;;;;;;;;;;;;
3.2.2.01.013;3764;Despesas com Veículos e Combustíveis;0;0;0;0;0;0;0;0;0;0;0;0;0;;;;;;;;;;;;;;;;;;;;;;;;;;;;;;;;;;;;;;;;;;;;;;;;;;;;;
3.2.2.01.014;3771;Transporte e Condução;0;0;0;0;0;0;0;0;0;0;0;0;0;;;;;;;;;;;;;;;;;;;;;;;;;;;;;;;;;;;;;;;;;;;;;;;;;;;;;
3.2.2.01.999;213;Prov Credito Liquid Duvidosa;0;0;0;0;0;0;0;0;0;0;0;0;0;;;;;;;;;;;;;;;;;;;;;;;;;;;;;;;;;;;;;;;;;;;;;;;;;;;;;
3.2.2.02;142;Despesas com Pessoal;20.813;20.937;20.602;21.100;20.821;20.860;20.825;20.609;21.372;21.213;21.683;21.631;252.467;;;;;;;;;;;;;;;;;;;;;;;;;;;;;;;;;;;;;;;;;;;;;;;;;;;;;
3.2.2.02.001;143;Salários;7.532;7.609;7.403;7.709;7.537;7.561;7.540;7.407;7.876;7.778;8.067;8.035;92.054;;;;;;;;;;;;;;;;;;;;;;;;;;;;;;;;;;;;;;;;;;;;;;;;;;;;;
3.2.2.02.002;144;Comissões;0;0;0;0;0;0;0;0;0;0;0;0;0;;;;;;;;;;;;;;;;;;;;;;;;;;;;;;;;;;;;;;;;;;;;;;;;;;;;;
3.2.2.02.003;145;Ferias;837;845;823;857;837;840;838;823;875;864;896;893;10.228;;;;;;;;;;;;;;;;;;;;;;;;;;;;;;;;;;;;;;;;;;;;;;;;;;;;;
3.2.2.02.004;146;13o Salario;628;634;617;642;628;630;628;617;656;648;672;670;7.671;;;;;;;;;;;;;;;;;;;;;;;;;;;;;;;;;;;;;;;;;;;;;;;;;;;;;
3.2.2.02.005;147;INSS;2.501;2.527;2.458;2.560;2.503;2.511;2.504;2.460;2.615;2.583;2.679;2.668;30.567;;;;;;;;;;;;;;;;;;;;;;;;;;;;;;;;;;;;;;;;;;;;;;;;;;;;;
3.2.2.02.006;148;FGTS;765;773;752;783;765;768;765;752;800;790;819;816;9.346;;;;;;;;;;;;;;;;;;;;;;;;;;;;;;;;;;;;;;;;;;;;;;;;;;;;;
3.2.2.02.007;149;Vale Transporte;2.800;2.800;2.800;2.800;2.800;2.800;2.800;2.800;2.800;2.800;2.800;2.800;33.600;;;;;;;;;;;;;;;;;;;;;;;;;;;;;;;;;;;;;;;;;;;;;;;;;;;;;
3.2.2.02.008;150;Vale Refeição;2.850;2.850;2.850;2.850;2.850;2.850;2.850;2.850;2.850;2.850;2.850;2.850;34.200;;;;;;;;;;;;;;;;;;;;;;;;;;;;;;;;;;;;;;;;;;;;;;;;;;;;;
3.2.2.02.009;151;Treinamento;0;0;0;0;0;0;0;0;0;0;0;0;0;;;;;;;;;;;;;;;;;;;;;;;;;;;;;;;;;;;;;;;;;;;;;;;;;;;;;
3.2.2.02.010;152;Estagiários;1.200;1.200;1.200;1.200;1.200;1.200;1.200;1.200;1.200;1.200;1.200;1.200;14.400;;;;;;;;;;;;;;;;;;;;;;;;;;;;;;;;;;;;;;;;;;;;;;;;;;;;;
3.2.2.02.011;153;Assistência Medica;1.700;1.700;1.700;1.700;1.700;1.700;1.700;1.700;1.700;1.700;1.700;1.700;20.400;;;;;;;;;;;;;;;;;;;;;;;;;;;;;;;;;;;;;;;;;;;;;;;;;;;;;
3.2.2.02.012;154;Benefícios;0;0;0;0;0;0;0;0;0;0;0;0;0;;;;;;;;;;;;;;;;;;;;;;;;;;;;;;;;;;;;;;;;;;;;;;;;;;;;;
3.2.2.02.013;2966;Bonificação;0;0;0;0;0;0;0;0;0;0;0;0;0;;;;;;;;;;;;;;;;;;;;;;;;;;;;;;;;;;;;;;;;;;;;;;;;;;;;;
3.2.2.03;156;Despesas Administrativas;85.055;85.056;93.807;93.208;91.939;91.940;91.991;85.992;86.263;86.264;86.527;85.878;1.063.919;;;;;;;;;;;;;;;;;;;;;;;;;;;;;;;;;;;;;;;;;;;;;;;;;;;;;
;;Despesas Gerais;72.145;72.146;80.197;79.598;78.329;78.330;78.381;72.382;72.653;72.654;72.655;72.006;901.479;;;;;;;;;;;;;;;;;;;;;;;;;;;;;;;;;;;;;;;;;;;;;;;;;;;;;
3.2.2.03.001;157;Prestação Servico P Física;0;0;0;0;0;0;0;0;0;0;0;0;0;;;;;;;;;;;;;;;;;;;;;;;;;;;;;;;;;;;;;;;;;;;;;;;;;;;;;
3.2.2.03.002;158;Prestação Servico P Jurídica;40.840;40.840;43.840;43.840;42.290;42.290;42.290;37.290;37.290;37.290;37.290;36.040;481.428;;;;;;;;;;;;;;;;;;;;;;;;;;;;;;;;;;;;;;;;;;;;;;;;;;;;;
3.2.2.03.021;159;Seguros;92;92;92;92;92;92;92;92;92;92;92;92;1.100;;;;;;;;;;;;;;;;;;;;;;;;;;;;;;;;;;;;;;;;;;;;;;;;;;;;;
3.2.2.03.038;160;Viagens e Estadias;0;0;0;0;0;0;0;0;0;0;0;0;0;;;;;;;;;;;;;;;;;;;;;;;;;;;;;;;;;;;;;;;;;;;;;;;;;;;;;
3.2.2.03.039;164;Contribuicoes e Doacoes;0;0;0;0;0;0;0;0;0;0;0;0;0;;;;;;;;;;;;;;;;;;;;;;;;;;;;;;;;;;;;;;;;;;;;;;;;;;;;;
3.2.2.03.040;165;Impostos, Taxas e Contribuicoes;200;200;200;200;200;200;200;200;200;200;200;200;2.400;;;;;;;;;;;;;;;;;;;;;;;;;;;;;;;;;;;;;;;;;;;;;;;;;;;;;
3.2.2.03.041;166;Multas;500;500;500;500;500;500;500;500;500;500;500;500;6.000;;;;;;;;;;;;;;;;;;;;;;;;;;;;;;;;;;;;;;;;;;;;;;;;;;;;;
3.2.2.03.042;167;Despesas Legais e Judiciais;0;0;0;0;0;0;0;0;0;0;0;0;0;;;;;;;;;;;;;;;;;;;;;;;;;;;;;;;;;;;;;;;;;;;;;;;;;;;;;
3.2.2.03.051;168;Alugueis;6.200;6.200;6.200;6.200;6.200;6.200;6.200;6.200;6.200;6.200;6.200;6.200;74.400;;;;;;;;;;;;;;;;;;;;;;;;;;;;;;;;;;;;;;;;;;;;;;;;;;;;;
3.2.2.03.063;115;Arrendamento Mercantil;1.423;1.423;1.423;1.423;1.423;1.423;1.423;1.423;1.423;1.423;1.423;1.423;17.071;;;;;;;;;;;;;;;;;;;;;;;;;;;;;;;;;;;;;;;;;;;;;;;;;;;;;
3.2.2.03.052;169;Desp c/ Veiculos e Combustiveis;100;100;5.100;5.100;5.100;5.100;5.100;4.100;4.100;4.100;4.100;4.100;46.200;;;;;;;;;;;;;;;;;;;;;;;;;;;;;;;;;;;;;;;;;;;;;;;;;;;;;
3.2.2.03.053;170;Transportes e Conducao;650;650;650;650;650;650;650;650;650;650;650;650;7.800;;;;;;;;;;;;;;;;;;;;;;;;;;;;;;;;;;;;;;;;;;;;;;;;;;;;;
3.2.2.03.060;171;Bens de Natureza Permanente;300;300;300;300;300;300;300;300;300;300;300;300;3.600;;;;;;;;;;;;;;;;;;;;;;;;;;;;;;;;;;;;;;;;;;;;;;;;;;;;;
3.2.2.03.061;172;Encargos de Depreciação;1.339;1.339;1.339;1.339;1.339;1.339;1.339;1.339;1.339;1.339;1.339;1.339;16.068;;;;;;;;;;;;;;;;;;;;;;;;;;;;;;;;;;;;;;;;;;;;;;;;;;;;;
3.2.2.03.062;184;Encargos de Amortização;13.312;13.312;13.312;13.312;13.312;13.312;13.312;13.312;13.312;13.312;13.312;13.312;159.746;;;;;;;;;;;;;;;;;;;;;;;;;;;;;;;;;;;;;;;;;;;;;;;;;;;;;
3.2.2.03.070;219;Telefones Celulares;300;300;300;300;300;300;300;300;300;300;300;300;3.600;;;;;;;;;;;;;;;;;;;;;;;;;;;;;;;;;;;;;;;;;;;;;;;;;;;;;
3.2.2.03.073;218;Telefones Fixos;100;100;100;100;100;100;100;100;100;100;100;100;1.200;;;;;;;;;;;;;;;;;;;;;;;;;;;;;;;;;;;;;;;;;;;;;;;;;;;;;
3.2.2.03.071;2987;Crachas;0;0;0;0;0;0;0;0;0;0;0;0;0;;;;;;;;;;;;;;;;;;;;;;;;;;;;;;;;;;;;;;;;;;;;;;;;;;;;;
3.2.2.03.074;173;Energia Eletrica;2.800;2.800;2.800;2.200;2.200;2.200;2.200;2.200;2.200;2.200;2.200;2.800;28.800;;;;;;;;;;;;;;;;;;;;;;;;;;;;;;;;;;;;;;;;;;;;;;;;;;;;;
3.2.2.03.075;118;Internet;640;640;640;640;640;640;640;640;640;640;640;640;7.680;;;;;;;;;;;;;;;;;;;;;;;;;;;;;;;;;;;;;;;;;;;;;;;;;;;;;
3.2.2.03.072;174;Despesas com Correios e Malotes;0;0;0;0;0;0;0;0;0;0;0;0;0;;;;;;;;;;;;;;;;;;;;;;;;;;;;;;;;;;;;;;;;;;;;;;;;;;;;;
3.2.2.03.081;175;Conservacao e Manutencao;950;950;950;950;950;950;950;950;950;950;950;950;11.400;;;;;;;;;;;;;;;;;;;;;;;;;;;;;;;;;;;;;;;;;;;;;;;;;;;;;
3.2.2.03.082;176;Material de Limpeza;250;250;250;250;250;250;250;250;250;250;250;250;3.000;;;;;;;;;;;;;;;;;;;;;;;;;;;;;;;;;;;;;;;;;;;;;;;;;;;;;
3.2.2.03.091;177;Copa e Cozinha;500;500;500;500;500;500;500;500;500;500;500;500;6.000;;;;;;;;;;;;;;;;;;;;;;;;;;;;;;;;;;;;;;;;;;;;;;;;;;;;;
3.2.2.03.092;178;Lanches e Refeicoes;200;200;250;250;300;300;350;350;400;400;400;400;3.800;;;;;;;;;;;;;;;;;;;;;;;;;;;;;;;;;;;;;;;;;;;;;;;;;;;;;
3.2.2.03.100;179;Material de Escritorio;800;800;800;800;1.000;1.000;1.000;1.000;1.200;1.200;1.200;1.200;12.000;;;;;;;;;;;;;;;;;;;;;;;;;;;;;;;;;;;;;;;;;;;;;;;;;;;;;
3.2.2.03.101;180;Fotocopias e Autenticacoes;150;150;150;150;180;180;180;180;200;200;200;200;2.120;;;;;;;;;;;;;;;;;;;;;;;;;;;;;;;;;;;;;;;;;;;;;;;;;;;;;
3.2.2.03.102;181;Material de Proc Dados;0;0;0;0;0;0;0;0;0;0;0;0;0;;;;;;;;;;;;;;;;;;;;;;;;;;;;;;;;;;;;;;;;;;;;;;;;;;;;;
3.2.2.03.103;182;Impressos;0;0;0;0;0;0;0;0;0;0;0;0;0;;;;;;;;;;;;;;;;;;;;;;;;;;;;;;;;;;;;;;;;;;;;;;;;;;;;;
3.2.2.03.104;183;Despesas com Eventos;0;0;0;0;0;0;0;0;0;0;0;0;0;;;;;;;;;;;;;;;;;;;;;;;;;;;;;;;;;;;;;;;;;;;;;;;;;;;;;
3.2.2.03.105;2699;Perdas/Roubos;0;0;0;0;0;0;0;0;0;0;0;0;0;;;;;;;;;;;;;;;;;;;;;;;;;;;;;;;;;;;;;;;;;;;;;;;;;;;;;
3.2.2.03.998;214;Outras Despesas Administrativas;500;501;502;503;504;505;506;507;508;509;510;511;6.066;;;;;;;;;;;;;;;;;;;;;;;;;;;;;;;;;;;;;;;;;;;;;;;;;;;;;
3.2.2.04;2401;Despesas com Pessoal;12.910;12.910;13.610;13.610;13.610;13.610;13.610;13.610;13.610;13.610;13.872;13.872;162.441;;;;;;;;;;;;;;;;;;;;;;;;;;;;;;;;;;;;;;;;;;;;;;;;;;;;;
3.2.2.04.001;300;Salários;2.054;2.054;2.054;2.054;2.054;2.054;2.054;2.054;2.054;2.054;2.123;2.123;24.788;;;;;;;;;;;;;;;;;;;;;;;;;;;;;;;;;;;;;;;;;;;;;;;;;;;;;
3.2.2.04.002;301;Comissões;0;0;0;0;0;0;0;0;0;0;0;0;0;;;;;;;;;;;;;;;;;;;;;;;;;;;;;;;;;;;;;;;;;;;;;;;;;;;;;
3.2.2.04.003;302;Ferias;533;533;533;533;533;533;533;533;533;533;551;551;6.432;;;;;;;;;;;;;;;;;;;;;;;;;;;;;;;;;;;;;;;;;;;;;;;;;;;;;
3.2.2.04.004;303;13o Salario;400;400;400;400;400;400;400;400;400;400;413;413;4.824;;;;;;;;;;;;;;;;;;;;;;;;;;;;;;;;;;;;;;;;;;;;;;;;;;;;;
3.2.2.04.005;304;INSS;1.593;1.593;1.593;1.593;1.593;1.593;1.593;1.593;1.593;1.593;1.646;1.646;19.222;;;;;;;;;;;;;;;;;;;;;;;;;;;;;;;;;;;;;;;;;;;;;;;;;;;;;
3.2.2.04.006;305;FGTS;487;487;487;487;487;487;487;487;487;487;503;503;5.877;;;;;;;;;;;;;;;;;;;;;;;;;;;;;;;;;;;;;;;;;;;;;;;;;;;;;
3.2.2.04.007;306;Vale Transporte;1.100;1.100;1.100;1.100;1.100;1.100;1.100;1.100;1.100;1.100;1.100;1.100;13.200;;;;;;;;;;;;;;;;;;;;;;;;;;;;;;;;;;;;;;;;;;;;;;;;;;;;;
3.2.2.04.008;307;Vale Refeição;900;900;900;900;900;900;900;900;900;900;900;900;10.800;;;;;;;;;;;;;;;;;;;;;;;;;;;;;;;;;;;;;;;;;;;;;;;;;;;;;
3.2.2.04.009;308;Treinamento;0;0;0;0;0;0;0;0;0;0;0;0;0;;;;;;;;;;;;;;;;;;;;;;;;;;;;;;;;;;;;;;;;;;;;;;;;;;;;;
3.2.2.04.010;309;Estagiários;2.100;2.100;2.800;2.800;2.800;2.800;2.800;2.800;2.800;2.800;2.800;2.800;32.200;;;;;;;;;;;;;;;;;;;;;;;;;;;;;;;;;;;;;;;;;;;;;;;;;;;;;
3.2.2.04.011;310;Assistência Medica;1.000;1.000;1.000;1.000;1.000;1.000;1.000;1.000;1.000;1.000;1.000;1.000;12.000;;;;;;;;;;;;;;;;;;;;;;;;;;;;;;;;;;;;;;;;;;;;;;;;;;;;;
3.2.2.04.012;311;Benefícios;0;0;0;0;0;0;0;0;0;0;0;0;0;;;;;;;;;;;;;;;;;;;;;;;;;;;;;;;;;;;;;;;;;;;;;;;;;;;;;
3.2.2.04.013;1727;Uniformes;0;0;0;0;0;0;0;0;0;0;0;0;0;;;;;;;;;;;;;;;;;;;;;;;;;;;;;;;;;;;;;;;;;;;;;;;;;;;;;
3.2.2.04.020;155;Pro-Labore;2.743;2.743;2.743;2.743;2.743;2.743;2.743;2.743;2.743;2.743;2.835;2.835;33.098;;;;;;;;;;;;;;;;;;;;;;;;;;;;;;;;;;;;;;;;;;;;;;;;;;;;;
3.2.2.05;312;Despesas com  P&D;0;0;0;0;0;0;0;0;0;0;0;0;0;;;;;;;;;;;;;;;;;;;;;;;;;;;;;;;;;;;;;;;;;;;;;;;;;;;;;
;;Despesas Gerais;0;0;0;0;0;0;0;0;0;0;0;0;0;;;;;;;;;;;;;;;;;;;;;;;;;;;;;;;;;;;;;;;;;;;;;;;;;;;;;
3.2.2.05.001;314;Prestação Servico P Física;0;0;0;0;0;0;0;0;0;0;0;0;0;;;;;;;;;;;;;;;;;;;;;;;;;;;;;;;;;;;;;;;;;;;;;;;;;;;;;
3.2.2.05.002;315;Prestação Servico P Jurídica;0;0;0;0;0;0;0;0;0;0;0;0;0;;;;;;;;;;;;;;;;;;;;;;;;;;;;;;;;;;;;;;;;;;;;;;;;;;;;;
3.2.2.05.003;316;Seguros;0;0;0;0;0;0;0;0;0;0;0;0;0;;;;;;;;;;;;;;;;;;;;;;;;;;;;;;;;;;;;;;;;;;;;;;;;;;;;;
3.2.2.05.004;317;Contribuicoes e Doacoes;0;0;0;0;0;0;0;0;0;0;0;0;0;;;;;;;;;;;;;;;;;;;;;;;;;;;;;;;;;;;;;;;;;;;;;;;;;;;;;
3.2.2.05.005;318;Impostos, Taxas e Contribuicoes;0;0;0;0;0;0;0;0;0;0;0;0;0;;;;;;;;;;;;;;;;;;;;;;;;;;;;;;;;;;;;;;;;;;;;;;;;;;;;;
3.2.2.05.006;319;Multas;0;0;0;0;0;0;0;0;0;0;0;0;0;;;;;;;;;;;;;;;;;;;;;;;;;;;;;;;;;;;;;;;;;;;;;;;;;;;;;
3.2.2.05.007;320;Despesas Legais e Judiciais;0;0;0;0;0;0;0;0;0;0;0;0;0;;;;;;;;;;;;;;;;;;;;;;;;;;;;;;;;;;;;;;;;;;;;;;;;;;;;;
3.2.2.05.008;321;Arrend Mercantil e Alugueis;0;0;0;0;0;0;0;0;0;0;0;0;0;;;;;;;;;;;;;;;;;;;;;;;;;;;;;;;;;;;;;;;;;;;;;;;;;;;;;
3.2.2.05.009;322;Desp c/ Veiculos e Combustiveis;0;0;0;0;0;0;0;0;0;0;0;0;0;;;;;;;;;;;;;;;;;;;;;;;;;;;;;;;;;;;;;;;;;;;;;;;;;;;;;
3.2.2.05.010;323;Transportes e Conducao;0;0;0;0;0;0;0;0;0;0;0;0;0;;;;;;;;;;;;;;;;;;;;;;;;;;;;;;;;;;;;;;;;;;;;;;;;;;;;;
3.2.2.05.011;324;Bens de Natureza Permanente;0;0;0;0;0;0;0;0;0;0;0;0;0;;;;;;;;;;;;;;;;;;;;;;;;;;;;;;;;;;;;;;;;;;;;;;;;;;;;;
3.2.2.05.012;325;Encargos de Depreciação;0;0;0;0;0;0;0;0;0;0;0;0;0;;;;;;;;;;;;;;;;;;;;;;;;;;;;;;;;;;;;;;;;;;;;;;;;;;;;;
3.2.2.05.013;326;Utilidades(E Eletrica,Agua,Comunic);0;0;0;0;0;0;0;0;0;0;0;0;0;;;;;;;;;;;;;;;;;;;;;;;;;;;;;;;;;;;;;;;;;;;;;;;;;;;;;
3.2.2.05.014;327;Despesas com Correios e Malotes;0;0;0;0;0;0;0;0;0;0;0;0;0;;;;;;;;;;;;;;;;;;;;;;;;;;;;;;;;;;;;;;;;;;;;;;;;;;;;;
3.2.2.05.015;328;Conservacao e Manutencao;0;0;0;0;0;0;0;0;0;0;0;0;0;;;;;;;;;;;;;;;;;;;;;;;;;;;;;;;;;;;;;;;;;;;;;;;;;;;;;
3.2.2.05.016;329;Material de Limpeza;0;0;0;0;0;0;0;0;0;0;0;0;0;;;;;;;;;;;;;;;;;;;;;;;;;;;;;;;;;;;;;;;;;;;;;;;;;;;;;
3.2.2.05.017;330;Copa e Cozinha;0;0;0;0;0;0;0;0;0;0;0;0;0;;;;;;;;;;;;;;;;;;;;;;;;;;;;;;;;;;;;;;;;;;;;;;;;;;;;;
3.2.2.05.018;331;Lanches e Refeicoes;0;0;0;0;0;0;0;0;0;0;0;0;0;;;;;;;;;;;;;;;;;;;;;;;;;;;;;;;;;;;;;;;;;;;;;;;;;;;;;
3.2.2.05.019;332;Material de Escritorio;0;0;0;0;0;0;0;0;0;0;0;0;0;;;;;;;;;;;;;;;;;;;;;;;;;;;;;;;;;;;;;;;;;;;;;;;;;;;;;
3.2.2.05.020;333;Fotocopias e Autenticacoes;0;0;0;0;0;0;0;0;0;0;0;0;0;;;;;;;;;;;;;;;;;;;;;;;;;;;;;;;;;;;;;;;;;;;;;;;;;;;;;
3.2.2.05.021;334;Material de Proc Dados;0;0;0;0;0;0;0;0;0;0;0;0;0;;;;;;;;;;;;;;;;;;;;;;;;;;;;;;;;;;;;;;;;;;;;;;;;;;;;;
3.2.2.05.022;335;Impressos;0;0;0;0;0;0;0;0;0;0;0;0;0;;;;;;;;;;;;;;;;;;;;;;;;;;;;;;;;;;;;;;;;;;;;;;;;;;;;;
3.2.2.05.023;336;Despesas com Eventos;0;0;0;0;0;0;0;0;0;0;0;0;0;;;;;;;;;;;;;;;;;;;;;;;;;;;;;;;;;;;;;;;;;;;;;;;;;;;;;
3.2.2.05.999;337;Outras Despesas P&D;0;0;0;0;0;0;0;0;0;0;0;0;0;;;;;;;;;;;;;;;;;;;;;;;;;;;;;;;;;;;;;;;;;;;;;;;;;;;;;
3.2.2.06;338;Despesas com Pessoal;0;0;0;0;0;0;0;0;0;0;0;0;0;;;;;;;;;;;;;;;;;;;;;;;;;;;;;;;;;;;;;;;;;;;;;;;;;;;;;
3.2.2.06.001;340;Salários;0;0;0;0;0;0;0;0;0;0;0;0;0;;;;;;;;;;;;;;;;;;;;;;;;;;;;;;;;;;;;;;;;;;;;;;;;;;;;;
3.2.2.06.002;339;Comissões;0;0;0;0;0;0;0;0;0;0;0;0;0;;;;;;;;;;;;;;;;;;;;;;;;;;;;;;;;;;;;;;;;;;;;;;;;;;;;;
3.2.2.06.003;341;Ferias;0;0;0;0;0;0;0;0;0;0;0;0;0;;;;;;;;;;;;;;;;;;;;;;;;;;;;;;;;;;;;;;;;;;;;;;;;;;;;;
3.2.2.06.004;342;13o Salario;0;0;0;0;0;0;0;0;0;0;0;0;0;;;;;;;;;;;;;;;;;;;;;;;;;;;;;;;;;;;;;;;;;;;;;;;;;;;;;
3.2.2.06.005;343;INSS;0;0;0;0;0;0;0;0;0;0;0;0;0;;;;;;;;;;;;;;;;;;;;;;;;;;;;;;;;;;;;;;;;;;;;;;;;;;;;;
3.2.2.06.006;344;FGTS;0;0;0;0;0;0;0;0;0;0;0;0;0;;;;;;;;;;;;;;;;;;;;;;;;;;;;;;;;;;;;;;;;;;;;;;;;;;;;;
3.2.2.06.007;345;Vale Transporte;0;0;0;0;0;0;0;0;0;0;0;0;0;;;;;;;;;;;;;;;;;;;;;;;;;;;;;;;;;;;;;;;;;;;;;;;;;;;;;
3.2.2.06.008;346;Vale Refeição;0;0;0;0;0;0;0;0;0;0;0;0;0;;;;;;;;;;;;;;;;;;;;;;;;;;;;;;;;;;;;;;;;;;;;;;;;;;;;;
3.2.2.06.009;347;Treinamento;0;0;0;0;0;0;0;0;0;0;0;0;0;;;;;;;;;;;;;;;;;;;;;;;;;;;;;;;;;;;;;;;;;;;;;;;;;;;;;
3.2.2.06.010;348;Estagiários;0;0;0;0;0;0;0;0;0;0;0;0;0;;;;;;;;;;;;;;;;;;;;;;;;;;;;;;;;;;;;;;;;;;;;;;;;;;;;;
3.2.2.06.011;349;Assistência Medica;0;0;0;0;0;0;0;0;0;0;0;0;0;;;;;;;;;;;;;;;;;;;;;;;;;;;;;;;;;;;;;;;;;;;;;;;;;;;;;
3.2.2.06.012;350;Benefícios;0;0;0;0;0;0;0;0;0;0;0;0;0;;;;;;;;;;;;;;;;;;;;;;;;;;;;;;;;;;;;;;;;;;;;;;;;;;;;;
;;Resultado Operacional ;149.274;203.598;231.925;207.345;265.256;263.475;303.969;341.631;486.066;489.962;563.073;608.968;4.114.543;;;;;;;;;;;;;;;;;;;;;;;;;;;;;;;;;;;;;;;;;;;;;;;;;;;;;
;;Rateio do Corporativo;0;0;0;0;0;0;0;0;0;0;0;0;0;;;;;;;;;;;;;;;;;;;;;;;;;;;;;;;;;;;;;;;;;;;;;;;;;;;;;
;;Resultado Operacional Pr¢prio D. Corp.;;203.598;231.925;207.345;265.256;263.475;303.969;341.631;486.066;489.962;563.073;608.968;3.965.269;;;;;;;;;;;;;;;;;;;;;;;;;;;;;;;;;;;;;;;;;;;;;;;;;;;;;
3.4.1.20;187;Resultado Financeiro;12.722;12.671;15.618;15.178;13.508;12.451;12.692;12.631;13.389;12.503;13.258;12.368;158.989;;;;;;;;;;;;;;;;;;;;;;;;;;;;;;;;;;;;;;;;;;;;;;;;;;;;;
;;Despesas Financeiras;14.422;14.422;17.422;17.036;15.422;14.422;14.722;14.722;15.543;14.722;15.543;14.722;183.115;;;;;;;;;;;;;;;;;;;;;;;;;;;;;;;;;;;;;;;;;;;;;;;;;;;;;
3.4.1.20.001;188;Juros S/Emprestimos;0;0;3.000;2.000;1.000;0;0;0;0;0;0;0;6.000;;;;;;;;;;;;;;;;;;;;;;;;;;;;;;;;;;;;;;;;;;;;;;;;;;;;;
3.4.1.20.002;189;Despesas Bancarias;2.500;2.500;2.500;2.500;2.500;2.500;2.800;2.800;2.800;2.800;2.800;2.800;31.800;;;;;;;;;;;;;;;;;;;;;;;;;;;;;;;;;;;;;;;;;;;;;;;;;;;;;
3.4.1.20.003;190;IOF;400;400;400;400;400;400;400;400;400;400;400;400;4.800;;;;;;;;;;;;;;;;;;;;;;;;;;;;;;;;;;;;;;;;;;;;;;;;;;;;;
3.4.1.20.004;191;CPMF;2.500;2.500;2.500;2.500;2.500;2.500;2.500;2.500;2.500;2.500;2.500;2.500;30.000;;;;;;;;;;;;;;;;;;;;;;;;;;;;;;;;;;;;;;;;;;;;;;;;;;;;;
3.4.1.20.005;192;Variacao Monetaria Passiva;4.462;4.462;4.462;5.076;4.462;4.462;4.462;4.462;5.283;4.462;5.283;4.462;55.795;;;;;;;;;;;;;;;;;;;;;;;;;;;;;;;;;;;;;;;;;;;;;;;;;;;;;
3.4.1.20.006;2546;Juros s/Tributos;4.500;4.500;4.500;4.500;4.500;4.500;4.500;4.500;4.500;4.500;4.500;4.500;54.000;;;;;;;;;;;;;;;;;;;;;;;;;;;;;;;;;;;;;;;;;;;;;;;;;;;;;
3.4.1.20.007;215;Pis s/ Outras Receitas;10;10;10;10;10;10;10;10;10;10;10;10;120;;;;;;;;;;;;;;;;;;;;;;;;;;;;;;;;;;;;;;;;;;;;;;;;;;;;;
3.4.1.20.008;2622;Taxa Adm Cartao de Credito;0;0;0;0;0;0;0;0;0;0;0;0;0;;;;;;;;;;;;;;;;;;;;;;;;;;;;;;;;;;;;;;;;;;;;;;;;;;;;;
3.4.1.20.009;216;Cofins s/ Outras Receitas;50;50;50;50;50;50;50;50;50;50;50;50;600;;;;;;;;;;;;;;;;;;;;;;;;;;;;;;;;;;;;;;;;;;;;;;;;;;;;;
3.4.1.20.010;2547;Juros Pagos a Fornecedores;0;0;0;0;0;0;0;0;0;0;0;0;0;;;;;;;;;;;;;;;;;;;;;;;;;;;;;;;;;;;;;;;;;;;;;;;;;;;;;
3.4.1.20.011;217;Descontos Concedidos;0;0;0;0;0;0;0;0;0;0;0;0;0;;;;;;;;;;;;;;;;;;;;;;;;;;;;;;;;;;;;;;;;;;;;;;;;;;;;;
3.4.1.20.012;2548;Juros s/Operacoes de desconto;0;0;0;0;0;0;0;0;0;0;0;0;0;;;;;;;;;;;;;;;;;;;;;;;;;;;;;;;;;;;;;;;;;;;;;;;;;;;;;
3.4.1.20.013;363;(-) Cred Pis-Cofins - Encargos;0;0;0;0;0;0;0;0;0;0;0;0;0;;;;;;;;;;;;;;;;;;;;;;;;;;;;;;;;;;;;;;;;;;;;;;;;;;;;;
3.4.1.21;193;Receitas Financeiras;1.700;1.751;1.804;1.858;1.913;1.971;2.030;2.091;2.154;2.218;2.285;2.353;24.126;;;;;;;;;;;;;;;;;;;;;;;;;;;;;;;;;;;;;;;;;;;;;;;;;;;;;
3.4.1.21.001;194;Descontos Obtidos;0;0;0;0;0;0;0;0;0;0;0;0;0;;;;;;;;;;;;;;;;;;;;;;;;;;;;;;;;;;;;;;;;;;;;;;;;;;;;;
3.4.1.21.002;195;Rendas Financeiras;0;0;0;0;0;0;0;0;0;0;0;0;0;;;;;;;;;;;;;;;;;;;;;;;;;;;;;;;;;;;;;;;;;;;;;;;;;;;;;
3.4.1.21.003;196;Juros Recebidos;1.700;1.751;1.804;1.858;1.913;1.971;2.030;2.091;2.154;2.218;2.285;2.353;24.126;;;;;;;;;;;;;;;;;;;;;;;;;;;;;;;;;;;;;;;;;;;;;;;;;;;;;
3.4.1.21.004;210;Variacao Monetaria Ativa;0;0;0;0;0;0;0;0;0;0;0;0;0;;;;;;;;;;;;;;;;;;;;;;;;;;;;;;;;;;;;;;;;;;;;;;;;;;;;;
;;Resultado Operacional Líquido;136.552;190.927;216.307;192.167;251.747;251.025;291.278;329.000;472.677;477.459;549.815;596.600;3.955.554;;;;;;;;;;;;;;;;;;;;;;;;;;;;;;;;;;;;;;;;;;;;;;;;;;;;;
3.8.1;197;Resultado Não Operacional;0;0;0;0;0;0;0;0;0;0;0;0;0;;;;;;;;;;;;;;;;;;;;;;;;;;;;;;;;;;;;;;;;;;;;;;;;;;;;;
3.8.1.01;352;Receitas Não Operacionais;0;0;0;0;0;0;0;0;0;0;0;0;0;;;;;;;;;;;;;;;;;;;;;;;;;;;;;;;;;;;;;;;;;;;;;;;;;;;;;
3.8.1.01.001;200;Receitas Não Operacionais;0;0;0;0;0;0;0;0;0;0;0;0;0;;;;;;;;;;;;;;;;;;;;;;;;;;;;;;;;;;;;;;;;;;;;;;;;;;;;;
3.8.1.02;201;Despesas Não Operacionais;0;0;0;0;0;0;0;0;0;0;0;0;0;;;;;;;;;;;;;;;;;;;;;;;;;;;;;;;;;;;;;;;;;;;;;;;;;;;;;
3.8.1.02.001;202;Despesas Não Operacionais;0;0;0;0;0;0;0;0;0;0;0;0;0;;;;;;;;;;;;;;;;;;;;;;;;;;;;;;;;;;;;;;;;;;;;;;;;;;;;;
;;Resultado Antes do IRPJ e CSSLL;136.552;190.927;216.307;192.167;251.747;251.025;291.278;329.000;472.677;477.459;549.815;596.600;3.955.554;;;;;;;;;;;;;;;;;;;;;;;;;;;;;;;;;;;;;;;;;;;;;;;;;;;;;
3.9.9.20.001;914;Imposto de Renda;14.338;20.047;22.712;20.178;26.433;26.358;30.584;34.545;49.631;50.133;57.731;62.643;415.333;;;;;;;;;;;;;;;;;;;;;;;;;;;;;;;;;;;;;;;;;;;;;;;;;;;;;
3.9.9.20.002;205;Contribuição Social;7.647;10.692;12.113;10.761;14.098;14.057;16.312;18.424;26.470;26.738;30.790;33.410;221.511;;;;;;;;;;;;;;;;;;;;;;;;;;;;;;;;;;;;;;;;;;;;;;;;;;;;;
;;Resultado Líquido;114.567;160.188;181.481;161.228;211.216;210.610;244.382;276.031;396.576;400.588;461.295;500.547; 3.318.710 ;;;;;;;;;;;;;;;;;;;;;;;;;;;;;;;;;;;;;;;;;;;;;;;;;;;;;
;;Resultado Operacional Líquido;136.552;190.927;216.307;192.167;251.747;251.025;291.278;329.000;472.677;477.459;549.815;596.600;3.955.554;;;;;;;;;;;;;;;;;;;;;;;;;;;;;;;;;;;;;;;;;;;;;;;;;;;;;
;;Encargos de Depreciação;1.339;1.339;1.339;1.339;1.339;1.339;1.339;1.339;1.339;1.339;1.339;1.339;16.068;;;;;;;;;;;;;;;;;;;;;;;;;;;;;;;;;;;;;;;;;;;;;;;;;;;;;
;;Encargos de Amortização;13.312;13.312;13.312;13.312;13.312;13.312;13.312;13.312;13.312;13.312;13.312;13.312;159.746;;;;;;;;;;;;;;;;;;;;;;;;;;;;;;;;;;;;;;;;;;;;;;;;;;;;;
;;Resultado Financeiro;-12.722;12.671;15.618;15.178;13.508;12.451;12.692;12.631;13.389;12.503;13.258;12.368;133.546;;;;;;;;;;;;;;;;;;;;;;;;;;;;;;;;;;;;;;;;;;;;;;;;;;;;;
;;EBITDA;138.482;218.249;246.576;221.996;279.907;278.127;318.621;356.282;500.717;504.613;577.724;623.619;4.264.913;;;;;;;;;;;;;;;;;;;;;;;;;;;;;;;;;;;;;;;;;;;;;;;;;;;;;
;;Total Deduções, Custos e Despesas;479.083;482.814;552.483;584.894;592.453;618.366;642.085;671.328;687.580;718.680;753.920;729.999;7.513.684;;;;;;;;;;;;;;;;;;;;;;;;;;;;;;;;;;;;;;;;;;;;;;;;;;;;;
;;;;;;;;;;;;;;;;;;;;;;;;;;;;;;;;;;;;;;;;;;;;;;;;;;;;;;;;;;;;;;;;;;;;
;;;;;;;;;;;;;;;;;;;;;;;;;;;;;;;;;;;;;;;;;;;;;;;;;;;;;;;;;;;;;;;;;;;;
;;;;;;;;;;;;;;;;;;;;;;;;;;;;;;;;;;;;;;;;;;;;;;;;;;;;;;;;;;;;;;;;;;;;
;;Total;593.650;643.002;733.964;746.122;803.669;828.975;886.467;947.359;1.084.156;1.119.268;1.215.214;1.230.546;10.832.393;;;;;;;;;;;;;;;;;;;;;;;;;;;;;;;;;;;;;;;;;;;;;;;;;;;;;
;;Produtos;184.300;204.300;206.100;231.560;217.500;223.800;234.900;234.900;284.600;253.500;288.200;262.100;2.825.760;;;;;;;;;;;;;;;;;;;;;;;;;;;;;;;;;;;;;;;;;;;;;;;;;;;;;
;;Serviços;128.650;138.900;200.350;147.600;190.100;164.900;180.400;195.150;231.700;251.900;265.000;260.000;1.925.100;;;;;;;;;;;;;;;;;;;;;;;;;;;;;;;;;;;;;;;;;;;;;;;;;;;;;
;;Contratos de Manutenção;280.700;299.802;327.514;366.962;396.069;440.275;471.167;517.309;567.856;613.868;662.014;708.446;6.081.533;;;;;;;;;;;;;;;;;;;;;;;;;;;;;;;;;;;;;;;;;;;;;;;;;;;;;
;;;;;;;;;;;;;;;;;;;;;;;;;;;;;;;;;;;;;;;;;;;;;;;;;;;;;;;;;;;;;;;;;;;;
